-0.658989476837013,-1.3476756033584192,-1.3055550216548597,-0.3473481754069177,-0.3140756607695204,0.10279956505526162,-0.00567696560373554
-0.5388798057786436,-1.2151065119320468,-2.229458112639906,-0.399551416744371,-0.36345735656820405,0.04027517762743704,-0.24263182368589292
-0.41678507448080954,-1.1329433402457338,-3.9859719245273255,-0.4466858186805288,-0.4539196795697107,-0.007258334093575556,-0.4176280091018329
152.31862304755046,-1.1368814197373127,2.333152554586478,-1667.3186416266678,-3.1041915054555993,-2.9643813419022886,11.717715204055844
563.2621934493062,-0.2988104922749635,3.2897648208425654,-12544.23444066401,-5.664755313804396,-5.808844161888345,23.37946549563733
168.22510993424444,-0.8857700188553608,2.707448855496627,2447.2143559720994,3.475484152443158,3.3689226683343545,13.582252157446222
16.014807976078885,0.8864632573396065,1.6972428585037755,-41.57089708939453,-0.4179810486514492,-0.8691588826149527,3.927813364423314
47.69319158160655,-0.9860995467986619,1.9553234888322382,409.742406047446,1.8070327136400164,1.85692603962304,7.3778108325091365
285.6523823228138,0.29993065305259436,2.5549620277028144,5283.715616872818,4.051879194817731,4.354397866381049,17.115072793960877
124.07507506862666,-0.48529833904586334,2.3087123244782015,-1208.9173844363102,-2.7202676784941104,-2.6631689089589097,10.595576866300437
124.41567596050321,-0.2734347972547633,2.526101396687436,-1210.5895105685177,-2.50478553035503,-2.6645553647280664,10.817991293285303
74.26149924221066,1.2786189704693802,2.5094228721203384,-532.5690314381161,-1.61036858771492,-2.0269599765873068,8.524431295221614
4.265395303334449,0.06960311146687109,0.7352973064829538,19.070116867747345,0.4190642843968691,0.6708466878863473,2.431604348055911
4.095868593631066,0.7643524283889086,0.5088196221702832,-3.8195436674752075,-0.3355720050652147,-0.39273005420827223,1.6280782659761466
539.0508719754293,0.4137700266611483,3.475559767101315,-11720.338060086406,-5.3262925096434035,-5.678815281795658,23.067783899334888
39.64572020230641,-0.9015444431296813,1.9840507776649092,316.0424768899427,1.7682741271146112,1.70277980643746,6.8766135464269915
1.399648676222668,-0.7333330080782111,0.3524652429383886,6.47467184143532,0.18818270237137275,0.4726843310478589,1.6062356955149495
17.554742630224023,0.8913548183751994,1.9078618926149273,-47.85918589455384,-0.2973469485182102,-0.911537273370211,4.260339418332845
57.434830152866134,-0.5226607146053026,2.0861886547353756,530.528854523124,2.0187412818410957,2.0238472844644706,8.090283135234507
182.49067281970474,0.07007134611401811,2.9770635397613856,-2198.0676528208037,-2.8388396151623745,-3.2507293937855266,13.414807353765259
358.704644369649,-1.0389308557803438,2.9112903750619012,7355.189716024823,4.80546424965895,4.861896907705611,19.391154972775784
315.12137619230674,-0.04398076198601847,3.049736394111403,6083.140012118545,4.70897058908828,4.563651662283704,18.399925575939392
153.37689475476625,-0.8299318159356718,2.6398756849119533,-1679.9019111511166,-2.8076538647377673,-2.972000046147047,12.052346365997467
15.832574136294044,0.5951874425470416,1.4205994738507435,-42.298493022710524,-0.7012286285946928,-0.8722327345685226,3.65993504424792
6.21589397504699,0.34912036519207534,0.8003171613001724,29.676232532200846,0.4433686411953691,0.7768923252290536,2.77404561688253
122.1250630532701,-0.1820887266796548,2.5128158025394627,-1175.8438994667915,-2.4826250442766655,-2.638816111668322,10.711455514064944
120.9542696176523,0.017040580021653873,2.6496732975030417,-1155.9068158768541,-2.32521961448381,-2.6239266381847948,10.794413576440164
6.0376518514845685,0.5224975938362652,1.008341923746493,27.64297950969064,0.6575002835348557,0.7568110172970413,2.9279333354259793
50.24292653460832,-0.7033792729956261,2.1889224506715603,438.17897502475637,2.06011892519095,1.8986160746492355,7.755967149138657
167.50100287848687,-0.805140963092134,2.499523660042557,-1931.076977104011,-3.1356013333024095,-3.113184481028306,12.43032107183912
11.119997175092731,1.0172184624820546,1.3719236589669586,57.94087248287637,0.9861763969678583,0.9672850554278184,3.8880315632513134
47.8359690932135,-0.7743962009552224,1.670674771358062,-268.3193127674267,-1.805223773573663,-1.6120793292467321,6.2551728726599976
29.371362196239335,-0.4875634664252521,1.730020448455019,210.31719792752068,1.4339172846845774,1.4868530097185908,5.89447631384035
52.38002594603428,-0.572984560754855,2.256270522859634,463.9266942242747,2.144890360297569,1.9350445459238805,7.95002399806921
85.72183523333744,0.7359187241456647,2.106908704495544,935.6854619724298,2.271784271404908,2.445363856412735,9.607875840643112
365.06126413463585,-0.8200650427176595,2.9572786613417463,-6447.536924730401,-4.619601460403128,-4.653060570361404,18.645701391403893
32.473635972636664,-0.6029955869433772,1.8818661868023638,240.19401487153246,1.6087098457672113,1.55391660739582,6.270459667954671
97.54265585472915,0.7964607787229946,2.301583465886473,-826.7796805365313,-2.2840867194256456,-2.3464656197588,9.448241379368355
197.119861367261,0.7396807359691957,3.168425146662801,-2475.572327766696,-2.818584343216468,-3.3821913121323406,14.092372217445234
15.16999816795468,0.48693573618944713,1.2380184075352363,-40.20548480679664,-0.8498676211154073,-0.8564965992620663,3.432615375194924
3.049014796466191,-0.23656584849793438,0.6014970029354847,13.365768315107674,0.32786853845574565,0.597255332876659,2.1196345370857226
140.69188417451082,-0.9000225359145988,2.4482588229878597,-1470.3154660325129,-2.825615301703071,-2.8427928105919675,11.388348751256768
0.6573750266925046,-0.6638613992042401,-0.9224534334045678,-1.002782262181245,-0.7935223778856348,-0.18300676159235751,0.12151143007615273
-0.17311741509525322,-1.1722953827889127,-0.17425358835287863,0.8836374144565273,0.055416905024724544,0.2569012170443129,0.8261205561576632
3.12482828975594,-0.2109002791151621,0.6167255601640779,13.682833313851656,0.3401024399926773,0.6017378540546352,2.1453160021565827
32.52429368165178,-0.38427563209199345,2.0879036557998703,238.80594002919608,1.8135196599022454,1.5504657074353114,6.46491678220818
315.6612619523534,-0.7639533233227234,2.365404423672871,6117.004089486125,4.0313746314133025,4.572275590965111,17.748201404308634
163.87716779577082,-0.8314392107077132,2.542284339089971,-1865.3631935492488,-3.0456171654827346,-3.077492123697922,12.341843453006875
33.38001786114967,-0.47294870558700214,2.0685437710958356,247.80529531464026,1.8010977167195867,1.569790438589176,6.510469032487115
4.098235154964531,0.8149352183324624,0.5604263814462425,-3.655341498513397,-0.2714098982403743,-0.38920107784778146,1.674595490998533
13.29973700515553,1.1913407676122436,1.6039294058382505,-29.81669987769649,-0.31219073622689153,-0.7792496239103474,3.5840573833248452
10.007156981920675,1.2007887424707455,1.2274605695281142,-18.65350984468535,-0.418224155227397,-0.665942424905359,2.9114879692993982
111.04384309347618,0.31950082341679886,2.459284275652175,-1012.6096742950447,-2.358118147189504,-2.5105901976949436,10.194832841285214
161.54103347948777,-1.0958054641934276,2.3098952265788206,-1828.2704582170509,-3.2506093528783997,-3.05683134654616,12.0335473798524
36.141285596237154,-0.675078514852671,2.0515910498724437,277.06775845872164,1.80650671116058,1.629456619187304,6.694876568722492
18.821663755322934,0.7783383097629628,1.751173589226842,114.06557886989015,1.3845761983481297,1.2118218994037901,5.0200418965595
43.492558275127806,-0.4547960892305313,2.501406140794006,354.3089570651324,2.313313858523236,1.7681175003044716,7.617666359436651
2.1364239396384272,-0.27599102156792094,0.7522540434184252,8.4156822510404,0.5515949252672313,0.5076271135094028,2.0744762657954396
20.489995411621805,0.4643574114026328,1.6514454131315572,128.86630221986593,1.2945889297699076,1.2626527149350926,5.082547074575185
40.01786861927545,-1.2652534480919169,1.6416165678990788,323.69344627910897,1.4317577292299513,1.7170337752641598,6.582859055022431
3.0063470549389897,0.36061769088965057,0.12534030794213122,-2.65321438955364,-0.515141388244042,-0.3382265820531236,1.175991522021576
1.9423846956297415,0.21277487352770694,-0.001184647179775969,-0.8878588394776743,-0.21470628693439597,-0.2427891571140088,0.9992394986356481
125.12815289090743,-0.7173151633016136,2.1311359496457194,-1228.013311388445,-2.916835855965845,-2.676985934259549,10.4680938153319
160.80072796325882,-0.917099607660382,2.50084452338981,-1811.6400220787048,-3.0474604058890273,-3.0476422946272304,12.190751067247124
7.91593077428228,0.9043152203675383,0.7691704403563296,-13.479727412077501,-0.68908989386387,-0.5935685475560967,2.2787528439166134
127.42588196115558,0.1763955435734395,2.653887240966657,1639.5110614881003,3.1343201722352583,2.9477794507326123,11.977658524433094
4.37131771413005,0.3690892397201785,1.0682027219480121,18.204496301870805,0.7592848592694442,0.65641608834345,2.728533124299794
73.04283470355843,0.7942372848801201,2.042775666777792,-524.3780795997575,-2.0605322645387596,-2.0159319670566447,8.019127570744464
8.33355107937149,1.2206508737433936,1.093312126659322,-13.46079406910025,-0.3766564424861861,-0.5979396529495117,2.6130418222613723
83.34544874050586,1.6128163714370918,2.7661251703186904,-637.5430929459427,-1.5390998846606259,-2.1523639459799044,9.222719845238897
100.04478868332363,0.7370649092016816,2.345139109748957,-860.018362302659,-2.2847385335378547,-2.3775237692133926,9.602880312529107
73.37268103367039,0.18678973045169922,1.9544040055396088,752.1049206425402,2.020445402826975,2.2737789347321122,8.841782207023313
171.38653400266017,-1.071565329428757,2.1343633227452083,-2008.5470176506371,-3.554699223858893,-3.1540734191174495,12.215667871728355
82.9451691356078,1.203598927005635,2.3569502164262204,-638.0615956815113,-1.9484547517604605,-2.15248678782587,8.81397918736889
43.22331324440431,-0.9566598384139102,1.6742455690459686,-227.52128647450596,-1.6605463106573066,-1.5259079250151726,5.968993314418556
0.20925404405255202,-0.971450167760542,0.13647211413191968,1.7723654751035207,0.2396939239232447,0.3062885617369138,1.1585596091339863
4.230167246815891,0.47163658779431916,1.2153951425287093,16.85225054783921,0.9168644736510523,0.6373897778429907,2.8290338071800245
38.11983594698713,-0.5940302302490275,2.1263017687785757,-181.1773133118283,-1.0232236063645728,-1.4156454432736554,6.055003610003705
258.34123791236436,0.8875061626688665,2.8404683914973172,-3780.158515756108,-3.7998378655714125,-3.8944575059328814,15.672449664092994
1.2985027121275348,-0.6598128374871721,0.4575406332129952,5.651330367254876,0.3214455139670032,0.44861986401651116,1.6673051060165367
193.1424339079689,-0.07987144546241223,2.4564707141575868,-2412.4874136262756,-3.492543074874482,-3.352895212716013,13.271932988705583
106.90568847132108,0.6821482517253068,2.6029855345992923,-951.3681899428715,-2.1421637022914246,-2.459071170210416,10.153192148760656
29.479234977021267,-0.41592030148689796,1.8049434199498675,210.71763869579306,1.5090917697074135,1.4876207270918629,5.971953950983002
54.47135205357819,-0.6977460979851959,1.3716134675406917,-334.1680028776492,-2.298907494460287,-1.7338704417317974,6.370444714198699
14.388527317389718,1.1867925177979899,1.7410570974741297,-33.826353171645096,-0.2511539385848567,-0.812973473198215,3.8137134274062183
1.3591901983384829,0.10349397904390717,-0.17419425967151025,-0.11986547292617827,0.03135003790722135,-0.17147560554060137,0.8887280656102282
72.51155152792244,0.54231018329844,1.7980570189867489,-521.3366971763597,-2.2989390653019037,-2.0117144195826926,7.75963303261156
36.63256595469447,-1.240949801842435,1.476060169218153,-175.2301287245388,-1.6438260830426528,-1.3983202186966563,5.347775010440629
286.75542412011515,0.5437428559580375,2.820162664236087,5306.569953657095,4.3218543558381555,4.360594440310203,17.403637676768767
1.1627173616916502,0.02266862060238356,-0.30625374294614893,-0.0017284255896154177,0.061361387846528864,-0.1491166826379723,0.8069448010363903
175.43184641875774,-0.6409261845469213,2.9037918033460146,2596.386267541912,3.719156700722004,3.4359538234994993,14.027018171220503
19.528374163137137,0.29437050235988016,1.3948983394624674,122.60565809465817,1.0340119827868832,1.2426715106356698,4.7620265146938925
45.8116899100775,-1.022802292143381,1.9392588842158978,387.43053444910896,1.7752959149328387,1.822589907460822,7.243065637315305
74.5708842954419,1.0021070756192056,2.751355092325393,758.7361668483893,2.820685363655008,2.2796438626021978,9.6596169514616
45.27173552914879,-0.3946872928210143,2.1831266656064807,-240.35632867453515,-1.1998900356761046,-1.5551502045990167,6.575860987318979
16.48424141720395,0.37841849078348416,1.1540728474097461,99.31945723162089,0.7792529712719354,1.1592334696398297,4.256953380191424
69.50611052429656,0.6286409896665385,1.9809069235979693,-485.080612477896,-2.0446833197777017,-1.964207186022543,7.776352610335013
185.44038242707177,-0.8037386285479091,2.5565975448059066,2821.1745073531865,3.4408315274661487,3.5325476755205325,14.038474554027745
30.220888269057454,-0.8239215414657212,1.673862841085204,-126.02667551230749,-1.1920813036653408,-1.253616894708566,5.076003169877489
70.0958105910858,0.6919936010563721,2.0256908601683064,-491.1373332627851,-2.0122608433944533,-1.972404158654011,7.849759949875602
113.26979185427966,0.5187128327379811,2.758271488463082,-1040.2326229633995,-2.091049847523641,-2.533446389718123,10.576182101066975
138.7757582595162,-0.03179060285574664,3.25417010096043,-1425.0949041502788,-1.9805714147731783,-2.81388209590804,12.088839064767022
9.766029559262048,1.4312851733572352,1.7658630553893258,46.62736871696198,1.3853070490831745,0.896661520295423,4.075291609969444
5.95170825580204,0.8797047708246264,0.6359228427285772,-8.082047932067905,-0.5587118736906984,-0.5004960091947999,1.943768172283301
14.186851489883415,0.6864153448340895,1.2322078800985314,80.9592637092113,0.8491437015129146,1.0825441213638118,4.09677606560435
392.35908200177283,-0.5501284200535294,2.7203892811685773,-7212.163470928803,-5.0708844324339575,-4.830110091754097,19.07966602633653
56.91750766807955,-0.4901293357948493,2.146456059736722,523.0735573333598,2.074159270936096,2.014239057373984,8.116876443058048
1.4049118190201684,0.09025140630325876,-0.170014150060097,-0.23698476406587915,-0.03379062950253908,-0.18188158020609257,0.8756172715279238
45.7432319118481,-0.6316503171779662,1.9173135624683475,-247.10614026459166,-1.4883726669342567,-1.5689715361146803,6.356485013639145
18.330517583591277,0.7870023289649571,1.7074851504404727,110.33400985313044,1.3386297082246477,1.1985585218448587,4.9343052737592235
37.557318941078194,-0.8167675371445131,1.9865649792482356,293.00379945075656,1.7535699259181294,1.6602940073174401,6.73445194787045
182.51173438685655,-1.1522120163363303,2.266101988209776,2762.9640714156994,3.1329068856463493,3.508203278511745,13.657516721181585
1041.6164196707375,-0.0334768036487203,3.841342640091097,-32072.258644949725,-7.56025008182286,-7.943006504274638,32.15478243955033
0.9288929810856358,-0.6866541976621947,0.47141839519583717,3.9515679001648505,0.4093702942255045,0.39475415180612305,1.5936327496438738
3.9533400490254285,0.47445617763049985,1.2728289201771434,15.204422887633651,0.9881555911515405,0.6142217143199108,2.8308207341112728
13.257627549725816,1.051930259159107,1.4769461593734616,-30.306188570241172,-0.44616127477564776,-0.7823131912830066,3.4654046816393853
2.149642929836686,0.4519116741357499,0.23706169592052517,-0.5868877377367174,0.044695333959332534,-0.23868453538825216,1.2381180109005934
153.71719881846408,-0.6262983699361002,2.843367995094822,-1682.0485860647275,-2.6060122988796066,-2.9733849239702033,12.26091232097141
198.07298849500242,0.1553104301469038,2.5327714767731,-2507.4538514308983,-3.4725824972360324,-3.3963564022791637,13.509199514159786
12.432068506811772,1.003687387756934,1.4134914904751759,66.90823778768946,1.027306462169011,1.0148603250544874,4.071887437332474
56.399186926560716,-0.8526255122938566,1.7916896139170895,520.5966106889739,1.7180192135058658,2.0115092930816783,7.752547092750901
10.923982502538996,0.908537021615468,1.0665468466376729,-22.86664759980558,-0.6868422365397594,-0.7098277151574922,2.8622963392477017
0.6691003243689458,-0.33673571740863095,0.6672002944310531,1.743156958312559,0.8910270508879001,0.25893223844738367,1.6678237662300512
97.44285114335062,0.9165836078798911,2.4132938201008103,-823.825935670557,-2.1685386825793627,-2.343775185197266,9.550337243406966
3.5328352913594214,0.7902084140560912,0.5514641909548859,-2.439152445482399,-0.12171148777046312,-0.34656531022396064,1.61111506334934
49.74745543015529,-0.25906332952901634,2.1128899741413787,-281.346634232943,-1.4058507212032956,-1.6386025557716186,6.787162057654798
406.1654023426529,-0.20280582700464853,2.7454860579556004,-7605.549459423891,-5.1497651692584085,-4.9163836386530475,19.43215302400683
49.01577274853846,-0.629478778586336,1.7619072739874913,-278.1855027636768,-1.7458215851179175,-1.63176949328119,6.413025881288032
1.542094884806588,0.4075156314130042,0.07541496375349199,0.3923702184607617,0.45179189902568667,-0.1479834615247086,1.1917092066492296
157.2598082149743,-0.813960526954594,2.6401689036267872,-1747.0353194187096,-2.8594812119381805,-3.011062686124,12.19583221868182
77.25608639931858,1.1741363369507842,2.3495055750705176,-569.5773166317994,-1.8382042522968844,-2.072607830420318,8.524834899804706
608.408346176194,-1.0657159631624658,2.898372274622379,15960.12026807282,5.966826036258615,6.294410072142625,24.850056252686493
-0.8153607285589071,-1.7460572584177536,-0.8210864293965354,0.06924284095415667,-0.523114479078789,0.23466346764104126,0.1808759238443347
5.682419823702612,0.1777020273868623,0.664655169823398,27.232929706242388,0.31401028867469055,0.7561997132587406,2.5826094284509122
0.715139066863838,-1.2898056518159693,-0.18039324602202333,5.258179734289123,-0.32451148049833967,0.455235320225151,1.0411944801771134
-0.17627984988411216,-1.1446323673618968,-0.1764666598644756,0.80167554991577,0.0819552985262122,0.24721354063224854,0.8235959204229578
119.67944409002577,-0.6154056792231717,1.9875625024404753,-1147.3313112244693,-2.9776525928319004,-2.61692193934646,10.106957103900399
9.85394733956175,1.3966626010158318,1.730281371138862,47.39628858443646,1.349140788119943,0.9018802515088244,4.054781542646417
0.4738787555784701,-1.10980186552937,0.04976774579023446,3.379863608604015,-0.0036426051256800984,0.38918593012673974,1.163915185254539
461.5645964467002,0.6836099352932525,2.749742667148368,-9256.963537842743,-5.543805295314696,-5.249181450992227,20.702101959646438
0.18875994601662938,-0.5115130406469102,-0.32874647915693395,0.5378972724148111,0.5537036993652064,0.11618657633559083,0.9022634283719788
432.917919838718,0.4082195792218829,3.3678234106175315,9671.073639251626,5.635185430136038,5.326316243582994,21.61413416088502
28.10188759690549,-0.8874165617797611,1.2497687907445516,202.08445374604926,0.9476785107576295,1.468329315584329,5.352666457510617
5.045834713594605,0.14815982372559117,0.7079815034974835,23.433823822851572,0.370605967374715,0.7189362883870044,2.527414832535728
-0.5280895574994211,-1.2009987615427913,-1.8961111288377714,-0.3493326515532094,-0.30551419054695206,0.05376535692860768,-0.14421811976112903
17.209743578261772,-0.009248621266624901,1.0812098830720138,-51.11863501838957,-1.1551187946598735,-0.9264401499540869,3.4770819551105605
105.64479623859008,0.6205309994474665,2.4844470311626696,-935.4096754327724,-2.2411040362126498,-2.445150167155213,9.984646799563416
322.3052415745019,-0.7764973037923244,2.5348667247105854,6300.936662983054,4.236304195143485,4.617608834336227,18.089130698152168
74.14364685230115,0.6610596689086188,1.8808018863576694,-539.1058915970007,-2.2501196387520936,-2.034417585050463,7.9219682865002214
900.1178977947268,-0.41096128679901633,3.4050379882556667,-25687.474315394567,-7.355996087592812,-7.376447553343356,29.526241679123967
62.04343848302595,0.41551223639789453,2.102928011937249,-402.83661763069915,-1.7431854351377394,-1.8465175994446361,7.489402562085441
292.16161091039754,0.3790797975828818,2.801212000445097,5453.568173233776,4.33369951059617,4.400500054484017,17.535199674048222
77.49502848264547,0.6885367023680724,1.8554539075721113,-578.7554048027562,-2.347764645189934,-2.0830777189794514,8.067623949707324
181.572340634776,-0.7920490294145638,2.652784007499182,2734.3823992948483,3.5107986131488667,3.495899747930417,13.998497856940118
491.3749382504714,1.1739942246683022,3.3007979752990275,11648.730273125026,5.846959343112076,5.667140376718626,22.848380473267955
41.56484328596646,-1.2418394558594057,1.6985203244383706,340.6099165919901,1.5010458360542174,1.74634477803039,6.740080170145387
0.380012157455057,-1.476132011211844,-0.34296235991827184,4.3232208651919075,-0.460005370984911,0.4335858217531554,0.8407520942745552
267.49028918417133,1.1430431364168374,3.0329545456717977,4789.762103297498,4.422325564329514,4.214101868752741,17.064631170587738
14.058118383956925,0.23670472517174873,0.8728289640260476,-37.11653139205604,-1.160350312394093,-0.8314586392362571,2.996942883787192
20.18306630827333,-0.01150675581656252,1.1941703533008807,129.69978566577484,0.8381959114542552,1.2668662533932196,4.638794671633914
27.263419388825536,-1.3589293394540716,0.9771687118783466,-111.28264564026641,-1.7921027733000923,-1.2003576063596473,4.209685258498144
58.10902599081013,-0.3768217412290306,2.2047416500282457,537.9083373922667,2.1419571316070494,2.0330440393661187,8.241089249705405
38.38907284312135,-0.8806492724006577,1.9600961773462684,302.3713740612198,1.7341492548239863,1.6778763624058914,6.767778342041661
333.0892431913238,-0.20209798571818,3.3589866258105503,6587.854307149161,5.1144777390329415,4.686463781188277,19.173869082597772
136.98705536595594,-0.4661492294041137,2.4587277919416164,1823.2724108190823,3.010099446186146,3.05417577673853,12.172626776401735
1.5323592869516425,-0.3665009177633509,0.7603468190355389,5.645585474211354,0.6350776387117237,0.43996493706711126,1.9549724499130576
135.1064748587627,-0.552327239416939,2.2983943049628413,1790.228754803681,2.83735808488308,3.035700270601574,11.944458896687802
772.7021915076441,0.5100881162789501,3.1240503141526577,22679.282346154345,6.85746716638213,7.076489109584934,28.08693449513693
31.279245751283792,-0.8685452892562436,1.6883993889487254,-133.37524468173402,-1.2202978226953571,-1.2774987701385123,5.167196027997204
70.29015672476405,1.1222200759466756,2.464132379647914,-487.9624442647959,-1.5682902249605568,-1.9687363521580057,8.275391535829472
41.92892196311557,-0.8158244954439732,2.1234500880435716,340.341315171183,1.925468799284261,1.7451583942252482,7.160943981960005
68.84246926921455,0.9772557592699782,2.3676238662746347,-473.0078843942224,-1.6339490864298358,-1.9483141377082747,8.107621602111537
91.07430563859457,1.124961561375186,2.4453858769373396,1014.957753313583,2.650186448639448,2.5122893697627795,10.187054557927786
23.05255001902481,0.0823485283932146,1.595124225286679,151.80714628265835,1.254614962386225,1.3338683607348825,5.256220044590872
0.2514404786568919,-0.8332591649138967,0.22812892818841146,1.5379430492465047,0.3907698786828383,0.28157348143256455,1.235490322980532
37.08997752794202,-1.3271345403854216,1.4781072447929078,292.94337044653577,1.2454491894162474,1.6611410537503573,6.228872350667319
511.1151127870382,0.2853285549860058,2.771894406342974,-10824.33848935445,-5.854753028705288,-5.530139951101135,21.795946726800388
6.755821074271708,1.4248616204150848,1.1904679223697274,-8.229768997779036,-0.04476862759293426,-0.5141610074174947,2.526036409494539
62.14012686217062,-0.49037779818154875,1.8615186130870618,595.7704273524661,1.835347949876223,2.1039313765393968,8.147142079494413
18.264323703169424,0.2328600567774341,1.204443079583983,113.43101166559478,0.8377910940478295,1.2115093759688182,4.472319221954284
8.179715665169146,0.9269289656338096,0.8106647131312577,-14.167517623170408,-0.6752167320454703,-0.6039127045086555,2.3443467904978075
13.93142724229419,1.1279046936187176,1.622268678053369,76.52225719133871,1.2377370293636747,1.060556198589923,4.419405625133444
13.60340458392946,0.16512766183125255,0.7505346212828168,-35.735249878428874,-1.257485717955905,-0.8200797119149019,2.8429128416186047
3.8730163958615385,0.068017675319817,0.8030459551722873,16.724922754606084,0.5024233830160099,0.6410964971543525,2.4257128744790672
51.86044179719557,-0.4613875829836575,1.7792911871813677,-304.61424018115935,-1.80880407850056,-1.6818854492340896,6.600623167669887
96.56040385682144,1.1566350933307095,2.499051632969428,1102.7533002935668,2.74663642079175,2.582723681549391,10.494807465439923
198.39554128437555,0.36104216837667696,2.7346436697560894,-2509.630844918492,-3.27209997277932,-3.3974300138830986,13.715050096636173
25.636730956539175,-1.1926171013053999,0.996706284223403,-100.4684438036224,-1.6982457619831717,-1.160127646197187,4.102392469002764
36.77842788594648,-0.9930810080319994,1.723188203816344,-174.19061029060322,-1.3930782113523974,-1.3962103677972522,5.587973627633864
0.3687975573398655,-0.43062960778659376,-1.4393531164646745,0.10234326036678547,0.058872705839151676,-0.052997140288211855,0.323858407280211
87.13447158110922,0.9799446749435575,2.3327143447239256,954.4143977805176,2.5070780524460092,2.4613803993573664,9.891219250518109
10.235088878126286,1.0724115126854543,1.4077201489017874,51.72457156516352,1.0239278171255464,0.93091872197898,3.8166839830624864
159.0347121893924,-1.1729272859812152,2.262449388595016,-1785.022145282787,-3.265746126046853,-3.0325103715574104,11.8968057317402
489.29936624182244,0.9044471293629646,3.03468212714337,11585.54433623155,5.572426496470808,5.656917940949033,22.54318031931791
98.01696810532529,0.8598109099836453,2.225149488219671,1130.9035814625418,2.4862597555809445,2.604735926926888,10.300467536361609
15.748022064633501,1.0479736006201792,1.8013311398175804,-39.71127955664328,-0.28760890176649256,-0.8569829435524684,3.9973058159958494
22.755451494240383,0.6733064464714466,2.087926474760059,145.25028034523743,1.7422831601800923,1.3128558461631465,5.6808506986695315
15.605509431118035,1.387879390430403,1.9916051697304886,86.73095890725546,1.6104145446418445,1.104462788832107,4.923802911138165
26.407050696427532,-0.7113670448306955,1.2428602640821083,185.78737642779708,0.9282312083206006,1.4278003452505068,5.211632244072121
0.034953065265593664,-0.9485325238967834,0.03485434700486373,1.051324971065077,0.27879731873829666,0.25202993870302937,1.0348871348473847
442.8982640030554,-0.5613887487749194,2.15106052728818,10038.942502481344,4.472855016231877,5.393234067588565,20.652557218997572
1.4563420281908477,-0.05617520830754523,-0.28277671556941053,-0.7433680966163336,-0.3365800495445628,-0.21317075247400918,0.7292737128254831
106.07163442446192,0.641181820746622,2.52428299268923,-940.8057503095991,-2.2079230714913773,-2.449874787111523,10.041450864066237
32.23815705399647,-0.9142625931538326,1.5762696274195291,240.60881569125556,1.303667901694728,1.5554710813587889,5.970081145771094
265.99577715863853,1.304468407337744,3.422622243406311,-3941.19034359276,-3.286358871234183,-3.9491790353587946,16.45953630555979
3.958547910596061,0.32157244291181064,0.061223736243952165,-4.992572316267612,-0.8579622915761629,-0.41422870261365935,1.2131812214921338
152.08217415582763,-1.1451090948492855,2.3248089881448863,-1663.4214613800991,-3.1094373207286155,-2.9620652149493747,11.700888754018258
354.6961804840365,-1.165518507749315,2.704560503203909,-6174.4679991872135,-4.791183712513588,-4.586362605387919,18.140629314426004
168.71413698590732,-0.9763189052611182,2.297543213996603,-1956.8328971424994,-3.3556331008307887,-3.126854429183015,12.278639045084287
65.44208051861308,0.5529765898028074,2.0726635934244735,-439.33695581583595,-1.856376540890037,-1.9005843707549583,7.646545312884755
107.69828378915669,-0.13015491780435862,1.8679933201511674,-973.7493999148752,-2.903148154029876,-2.4775691963286244,9.484697827613246
43.6075419715987,-0.7214502706959878,1.904616098718762,-228.61252189512848,-1.4350510081768728,-1.5288541877984794,6.209219930815524
4.648557023093149,0.7053545177708109,1.4150209978919381,18.18710975714575,1.1084911396673227,0.6518992511989846,3.0641888932642765
165.10657863728443,-0.9607122556099323,2.388876506973167,-1890.1919104033186,-3.2169124547847296,-3.090999952768392,12.23808730905723
-0.7666270970412357,-1.6067072124841049,-0.8295635601348434,-0.09420603849621045,-0.40673880528011847,0.20007971896932691,0.19350035162786228
26.677187922158346,-0.6250096247836106,1.3477406933713887,187.46944220248523,1.0343216697108637,1.4318256360474935,5.329798577853344
274.6841056558536,0.3321572911759623,2.7111229768451217,-4160.255734607419,-4.08743563438139,-4.020786676058721,16.016497745912215
127.00281313323545,-0.6694167313779387,2.253513737922118,-1255.0024784956358,-2.821292466343903,-2.6965417313525903,10.661416190419049
24.805763330137307,-0.4247161215526812,1.615466596884751,-90.66696865966613,-1.0109219188416851,-1.1235768986707488,4.606962574512059
1.1673079741137473,-0.3717020959330735,0.7890339223072516,3.9120011608758443,0.7483933039295083,0.3811860562171279,1.8919514725808921
50.577739027406416,-0.7060242962510437,2.176890550235866,442.4392417488962,2.05100664047658,1.9047736162783488,7.765327489311626
58.534205538296874,-0.2889432345027453,1.559180505195753,-372.7362094673177,-2.212583074147549,-1.7985104330909136,6.779969091307019
29.019886663942597,-1.1799501174384204,1.2663442504017988,-120.9350528452175,-1.566330694108255,-1.2351710891668195,4.609524751725843
30.097585514268914,-0.9667506277071919,1.5321606269662071,-126.2969036541377,-1.3345469128000242,-1.2540415794940452,4.935660984670202
5.042132395667156,0.48329439601218244,1.0912469100654674,21.689351375333874,0.7631478864081449,0.6964819819565371,2.852593832277756
19.679578242775857,0.26149279938165493,1.3820549482723206,123.98249763079924,1.022090001165189,1.2473536053467456,4.764150817205426
108.98803692845335,0.07805454400642026,2.128859512521932,-988.1626660404876,-2.659652836916283,-2.489953822995425,9.790116278060843
9.01645310108297,1.1994834810877493,1.1311302025024321,-15.586977026527578,-0.41613403275204347,-0.6273000994605822,2.7203664645508674
16.048427292173923,0.49518634791378924,1.3629924145749397,-43.671539246473344,-0.7777730967265931,-0.8810790638974125,3.6276222227604698
122.64892024472846,0.08449979331336749,2.345572738724019,1557.0387699771475,2.793044123652509,2.897674140855852,11.486066546220066
73.97039372191239,0.9722012254261317,2.2026540428514334,-533.0566469798335,-1.9174795160413631,-2.027189062550661,8.218465796711943
351.6324469488812,-1.0701082782264675,2.815360675006249,-6089.39048324342,-4.654630388345734,-4.56522820031785,18.171510613243516
121.29634309637926,-0.22089620756744527,2.4382726085073347,-1164.4846579301477,-2.545334972566166,-2.630238640172267,10.605858228295169
0.853278389909343,-0.9524876822032533,0.1875233608281513,4.598369653338194,0.08070826636318634,0.42587881007346895,1.3583446965835932
65.38925856328419,-0.056713654944939476,2.131711521613535,636.7159414821758,2.1303592629569965,2.150766299449681,8.582658161306039
222.38025668479594,0.35554389016679,2.1403177022846576,-3010.5498883986625,-4.139216847163837,-3.609633848215115,13.908952393911738
19.41964397187895,0.36334886191730653,1.444599673564652,121.31746604065309,1.0828331714505564,1.2381301863084353,4.797223730375863
38.7067398674798,-1.0158766256485987,1.8419165478607578,307.05779436274594,1.619559618437906,1.6867279737275276,6.679743539620489
51.631609366898864,-0.7962137644175167,2.05117555064065,456.9372720551726,1.9352216947790313,1.9255544656043486,7.711885091592077
107.61351601362237,0.7229490146888533,2.6757786143906226,-960.2735151856035,-2.0802054580425953,-2.466777192859247,10.25368050625364
179.40949685700355,-0.903278573567355,2.579491690554929,2688.8608424312074,3.4236146091131414,3.476420432823163,13.85287590758263
2.331822048467333,0.18236240574891113,-0.03540234205595544,-1.7647440363596965,-0.4783503719734653,-0.2910193134762879,0.9767461954079742
63.27193453487539,0.00440945659346717,2.319481743515227,605.3567054735447,2.2989340764642545,2.114623455485622,8.64280444292112
148.897318236929,-1.098560638299225,2.3603909011903497,-1608.5847135203578,-3.029801802364622,-2.9291768853686766,11.61608262447876
237.93741913990632,1.1791102148667267,3.105466893571834,4037.011170589126,4.318335454808388,3.9805939689466507,16.26011736164834
4.165293432111623,0.833406554395599,0.5778661467928232,-3.751364891042979,-0.26662115945733,-0.3927570349941425,1.6971640155133825
193.76036534905404,-0.38185982448406547,2.7641107747420715,3001.8736865373335,3.701460347423341,3.6063363213986284,14.520469311619227
48.96525755809227,-1.1179554433176,1.249830178246195,-282.95765393854094,-2.271241615912445,-1.6400504372529932,5.929010570352521
34.397639503272615,-1.2714192589248223,1.4128601293561878,-158.57745886781123,-1.6276994136823677,-1.3523910258274452,5.1342557154548585
24.478785657128917,-0.8396035863183839,1.2092052240629472,-91.56743903438341,-1.4210143043711119,-1.1256047343961217,4.207009367609497
72.5514271552959,0.661402743705005,1.9192398503962733,-520.2844530953497,-2.1759622626176554,-2.0105162313040594,7.876618893902641
73.53719662874049,0.9641160867274552,2.204600578647106,-528.0385150671027,-1.9060105347812968,-2.0208155732476483,8.198067331456944
25.177087689625363,0.08469906562471585,1.8280846121234597,169.30712031276943,1.5004548510880718,1.3827097893565776,5.648584219157804
18.617582529806167,-0.11440406216688706,1.1744065117496554,-57.87076990702051,-1.143319409729219,-0.9660113036726169,3.6867371086338654
9.105426901161417,1.1554183724151217,1.4956043576644613,43.837788387315435,1.1171559096853672,0.8799080680592548,3.7568801138631316
1.1723282372513864,-0.6378007893163421,0.5016461941109023,4.934471798126439,0.39392157844324965,0.4265544185275345,1.6735848340258532
113.83353477940682,-0.34278081667963295,1.9668078317700894,-1060.8178555947775,-2.904748384246686,-2.5494027419882146,9.842265325694386
6.8057988232319016,0.4634233219405298,0.8757581875672982,32.79889664864331,0.5119606256903181,0.8026082209938611,2.9197852886719016
11.879623550780977,-0.13682342788715884,0.26405942426452567,-30.815176551864898,-1.6454162921441773,-0.776342650991215,2.2362969628118976
47.434331883212025,-0.5138083434833852,1.9638953181367027,-261.7364822297609,-1.4914119238736916,-1.5993903533875773,6.505539843064195
35.71877530058468,-0.43996370046578126,2.249989339563114,270.6383399513273,1.9998684160410578,1.6163341560622375,6.84887088422777
141.42408638427983,-0.46035158581743274,2.6355573471556766,1905.6963601483935,3.2174769076504024,3.09943316704709,12.515776408791671
194.45778941871816,0.027698281418832058,2.5225954202957825,-2436.7597062533914,-3.4410007408880188,-3.364131861030901,13.379658564266485
120.87621550006301,-0.5686405194208715,2.087230032661169,-1163.7902583834457,-2.8952911928266474,-2.629451568870148,10.251966651524093
128.6627933588924,0.007330436571567359,2.549269796319345,1664.3322239125207,3.039539698576611,2.9626475869911477,11.927482459550054
-0.06431661914455994,-0.7796934032907789,-0.468713844732886,0.32586240481189355,0.3152754889675692,0.1299906065760854,0.7052473086958254
148.7451648059373,-1.1444777698214192,2.3138156396564384,-1606.8454222472271,-3.0749225973375944,-2.928092640694234,11.565540606133576
88.8281056664526,1.6478321601903807,2.868363518153899,-704.7420992184769,-1.54338171025685,-2.2254787888305714,9.584012233896008
145.72888373326873,-0.6174415046480579,2.6298824142639896,1990.0705570901707,3.2424534575476964,3.1445297651378903,12.676042752961367
45.36478325154815,-1.2207133302151116,1.3192662435290403,-249.64695087596175,-2.0931203243302656,-1.5730657710471505,5.772208530905487
208.38397660868347,0.6839159566861787,2.7640223999252016,-2708.561937646789,-3.3556407928037024,-3.4849229085684668,14.068973750038632
4.806768316534106,0.38943457983019836,1.0191272073368371,20.7328746058029,0.6953915081574745,0.6866980304643797,2.755485599550614
102.56011964799886,0.615285999706096,2.077959635139025,1208.928574660903,2.375480811774979,2.663430486076739,10.365772270005195
36.807091424592656,-0.9335833607205859,1.7824474159020236,-173.8921917277129,-1.3327238644734969,-1.3955723216807505,5.645137743930255
12.809312261168568,0.7071061927697486,1.1189056063282639,-30.278704740767875,-0.7967684948913922,-0.7790542872529493,3.0985029413733547
76.1515415673521,0.7179606969542592,1.9023350061295088,-562.2751958715913,-2.2713801932885227,-2.063174851744262,8.044494065432787
346.1008680844963,-0.9995763753692051,2.8182200647047706,6983.133169195538,4.646310037437068,4.778513941018644,18.981851860493
382.54442910209445,-0.14729581789053553,3.3481070310966405,-6918.214838328716,-4.362938633505413,-4.763722006625138,19.45567139962028
0.022479507692550693,-1.2457000699405034,-0.11096539496254704,1.853623830600906,-0.051907550605651,0.32672948159129767,0.928280894168242
221.18111972833648,1.2902809477716715,3.1061969203023096,-2964.2713198204274,-3.150079363530483,-3.591431150490485,14.807076388921942
0.3064258436447516,-0.3779070187135773,-1.9168908388699906,0.39660427422872446,0.4203863981078194,0.02475274586114636,0.4946446356912585
19.268989142096924,-0.36121120715041455,1.042428271092261,-62.22137632371937,-1.321564641079207,-0.9888804178775918,3.622837448308752
68.41262887495103,-0.10780098280905273,1.9047631445956419,681.802349437051,1.9303639122933947,2.2006461511082196,8.532302365618053
3.6473877674560677,0.30792203866527174,0.05222714187668537,-4.294751001166978,-0.7942134147245337,-0.39330812830517536,1.1723272268013432
32.08787079335714,-0.25484621410927794,2.1735503177476665,233.5585248373561,1.8950556613672687,1.5388074158961236,6.51147790905564
65.69870580036907,0.05389701136147762,2.2307810374344084,639.718711778462,2.231177464724014,2.154032416450254,8.693274714074775
131.27126643263938,-0.299350251090823,2.374155127566488,1716.2544102772408,2.8847512780315294,2.9932503982486485,11.864502472777476
300.85553431397034,0.5427615863984869,3.2050853660803034,5681.11314958923,4.78423759639647,4.460767407021183,18.16653981746002
46.19878817290453,-1.12155436285327,1.836846530433212,393.1421243468912,1.6769932466198363,1.831668229992975,7.171997936598761
56.13565216725913,-0.21173380351582116,2.476217066277839,509.0318984657466,2.3945810113871864,1.995606139996275,8.38139943137601
2.630507218633165,-0.08570867611410551,0.8758669039365401,10.274221980864185,0.6443398207582132,0.5416712304313094,2.2693535120521413
596.9717532531921,-1.3772714919623974,2.7196939529640973,-13733.85231234171,-6.443031048218564,-5.986863061090294,23.49128425723291
1.1073572041741153,-0.8110940754691295,0.3127096238466518,5.2991612665791195,0.18379581863903188,0.44284492161575845,1.5123305834863072
97.97724241237815,0.9722002635140772,2.3352643678831653,1128.5434965741026,2.5952054338115955,2.6028376999732523,10.403718533731352
6.326065389414582,1.6109202849412687,1.3572191757355463,-6.412627485954868,0.22226171411149342,-0.4808542239747301,2.626532833985144
0.04723696978936828,-0.6408595487995192,-0.6076301295638611,0.35671232952558857,0.3907869703995982,0.10200806546719934,0.6968111668011963
28.039864141260715,-0.7089105122800239,1.4054887346107217,200.11638400464196,1.1017597489945707,1.4631721809337517,5.491276291795826
9.877381393992865,0.9299666202451097,0.9711789796670364,-19.372016891840808,-0.6877162689934757,-0.6712357499900806,2.6684624809569275
20.08095436317667,0.4732341565188751,1.6144989896338395,125.65062601534117,1.2554933417495213,1.252153908351091,5.011955066802795
48.26692186715697,-0.14541987886982993,2.3095586143523454,-265.79285843921315,-1.1602008433171913,-1.6082922159598887,6.881260236482253
88.13685157600293,1.6385197780139475,2.846326534126801,-696.2663486991648,-1.5524126492251282,-2.2165106446029808,9.530140573789776
116.48961526510254,0.03537351589068932,2.4559887586964124,-1092.2444377196628,-2.450764010023343,-2.574718283813521,10.422827409044261
136.7148082698911,-0.5601836979683849,2.686274626101607,-1401.5011815656696,-2.5267915889789516,-2.797902002466931,11.462718423355705
0.3128940147174418,-0.5270327842852728,0.24978754599092481,0.9849693372304948,0.6728740407918627,0.20001426476417367,1.2729168350843838
36.16357706370739,-1.0646561249728843,1.6464190762743258,-170.07806453814297,-1.4504868750266604,-1.3849485785974753,5.474256017960716
39.97246649363539,-0.5315146079881259,2.3527254425098683,315.9440016410504,2.136602039646064,1.7019393578188124,7.242420113102502
32.385549367890185,-1.273541119974563,1.2541129871434937,245.1272858827683,0.9852348908571479,1.565836363907712,5.682743982580284
65.61416307393567,-0.2774447881805019,1.8851329093760865,642.9825874871677,1.8876989036162755,2.1580786822665323,8.361934950415872
12.53229127098197,0.6088479188752725,0.997929606532277,-29.737158516014194,-0.9047838202612554,-0.773390390528887,2.9621681323831797
34.23614822008329,-0.6341588660325355,2.029430770858972,-152.1156586479979,-0.9817968670142412,-1.3355729219460315,5.6960677427159165
148.84438791926837,-0.052062412649821366,3.3991573883299795,-1589.1128071697162,-1.9759640113760846,-2.917946815131601,12.61377006428192
130.75545119722915,-0.8542631242019775,2.2161456416867993,-1314.3740380772233,-2.915892920920894,-2.7383783129072685,10.775998643615448
176.0524613150544,-0.10179767678479656,3.001796500270536,-2077.455168760913,-2.7347594443011687,-3.1901832295684196,13.21615670354093
5.193471720285034,0.7941392191844977,0.5347478143846209,-6.415725699239225,-0.543205678902305,-0.46258471133187795,1.7697178777570848
2.648373890318287,-0.17883634241997903,0.7581884124877595,10.802509560027714,0.5170781156485352,0.5532639146388442,2.176869859565068
9.839432950722012,0.8306472346043957,0.8782563739393241,-19.66693130729977,-0.7863293090496434,-0.6735235858267172,2.5812886200839427
0.9634870520191587,0.13047937865414283,-0.6978841298633107,0.6081886967932197,0.560515843887659,-0.06646004245030968,0.8928160561392073
91.12120686812663,0.9880728336231119,2.2765231842958493,-742.373321512884,-2.190543447475903,-2.2637496812448465,9.128204958748329
31.25139886371771,-1.1425167947104307,1.2899091173344646,233.15526156758003,1.0117849381401007,1.539864806529838,5.631379357729615
149.18632289612614,-0.7533935534545898,2.5982167584255564,2059.1842603359723,3.2354132074055286,3.180542631020523,12.777041100467097
354.86619284728414,-0.9918807640469609,2.9289505296934766,7239.89384053489,4.802849003770786,4.836353957469276,19.311910876178615
91.9971192865293,0.8677852588181113,2.1863231158887793,1033.5933848071534,2.400473662781235,2.527790514936284,9.983845207590086
10.649494760171757,1.1401402576323318,1.2414189079083,-20.970937376632055,-0.468347398674712,-0.6918532940791495,2.9909190717210357
155.59987251538897,-1.154783614045898,2.345843360781207,2193.099987922375,3.0296366982327263,3.2481836669909763,12.774187699205655
92.36773714576408,0.6268876373995038,1.9459287936270142,1043.1639218730827,2.164904002052032,2.535764894675384,9.772198686078184
24.77706951178437,0.5363803181506848,2.188126692661249,162.66460664743406,1.8552306451915237,1.3633245592804335,5.945204323032824
114.40141059536828,0.1336420692244845,2.4477136395294665,-1061.6116045785798,-2.4252635844916592,-2.5504234562449986,10.326853696733334
0.17216632953699068,-0.5802186671664179,-2.0729960311134286,0.034305402587712724,0.005755180893705296,-0.030337135918329955,0.15744086048535508
11.056792367901785,1.475761927254542,1.5849318266161574,-20.86899330676262,-0.13113281415847078,-0.6944317186108833,3.3410257788959457
145.2258522666979,-1.1313089515729056,2.2942566031648703,-1548.054533268244,-3.045891131527959,-2.891929460741955,11.413756172181817
30.818760669404025,-1.0279820656551215,1.5137251939767706,-131.51935732425673,-1.383376328136978,-1.2710017734605596,4.97163253916582
348.1268778542734,-1.1967545264230288,2.697407216278629,-5999.282636263158,-4.744949279617023,-4.542569347279501,17.96789745678048
19.065484044177985,0.08296489141684041,1.4040578225038627,-58.80609024778327,-0.9267165954691988,-0.972433570571464,3.935451257388121
317.70888764674027,-0.4634681098694302,2.7147645544434904,6165.384383666053,4.39006335860771,4.584211221658144,18.14269702358214
0.3811270229887505,-0.44219542407790824,-1.3151831232476021,0.05131740904644697,0.004380827318171104,-0.06274931444963752,0.3181273995663587
170.56759585571288,-0.7215090090312036,2.5141001495962945,-1986.3190692786436,-3.1598381742549413,-3.1425950538594547,12.553137095042333
74.23049434727832,0.7314337541115179,1.9508252193675033,-539.2308636826467,-2.1804620257762743,-2.0346627859903306,7.992851904175378
26.649824817323736,-0.28174874187717314,1.9165380079071486,-100.14981503473683,-0.7827210265835152,-1.1624418433600032,5.029488190216501
0.3918861272222477,-1.1742116330125245,-0.014047131412064873,3.234061131396996,-0.06252672596595166,0.3860648511829957,1.0956678275830356
387.26412042580455,-0.4809425171360314,2.9067666009213426,-7063.108099355977,-4.8440904957877144,-4.796645844362116,19.139138726022864
-0.1968042669107245,-1.1941251370874817,-0.19776090836458898,0.8551424907992816,0.03356146338272126,0.25633098898721796,0.8025544303443751
6.066408086454213,0.43042825309974786,0.9037772891917573,28.307404975584554,0.5507253017498492,0.763822412592954,2.8421925395287113
49.15055978734403,-1.2339776464856858,1.6727971159362722,430.5929035823222,1.5391435066258208,1.8883376363639595,7.2041564157177
76.3029498136774,0.8280138749589597,2.4906092821386308,787.6574238571069,2.57623717619352,2.308535669315935,9.501844184141325
171.27206665497542,-0.8882994630199742,2.692219202018332,2511.9271983353387,3.481000417079461,3.398372098621287,13.67611671294332
8.458744093151676,0.9748203576951394,1.3274064190821233,40.630835825081824,0.9521311694035511,0.8588006175602281,3.5285330220842352
1.0104914877905018,-0.1494360845092177,-0.4674826221803918,-0.20757840427884977,-0.13075543030140138,-0.15317203360579212,0.6351047377275593
-0.012838498038336532,-0.6979839835994739,-0.7131585517286501,0.28520541635172786,0.3231331189150614,0.09780484245540415,0.6165476462812738
176.3128375103252,-0.5359604555944364,2.5471167056085817,-2091.136315793055,-3.198307341540484,-3.196936635983987,12.78637583837945
8.631937268618232,1.3200654252653194,1.2085786923437443,-13.949606997563073,-0.28393701251830283,-0.606413887352111,2.748132424242252
38.53916781460347,-0.7812837783690543,1.9384160061299416,-186.20429779821745,-1.232305107005969,-1.4280893323718848,5.908141554853455
1.953158391716414,-0.22955519804534588,0.8464935219019255,7.238392806850439,0.6750364213151322,0.4791999739124933,2.1126363430526123
90.60148982771697,1.0278502374887513,2.349675570626798,1008.8562305352854,2.551487911302416,2.5073219219700427,10.073453677212544
360.26708620348,-1.2551787568226156,2.705061380300419,7408.070933409413,4.608507531857348,4.87356652843822,19.229207117172006
45.294185092752016,-0.3727999870640213,2.2049919399718316,-240.33957790697687,-1.178042832939166,-1.5551612036140523,6.597763185131096
86.39336830295396,0.8344593908916422,2.0266690185748186,-685.4139522016518,-2.3540054339424654,-2.2040730543838754,8.666359837976911
135.2047495903236,-0.5553721299598363,2.2996024415856158,1792.0803825951086,2.8392674735495707,3.0367459112622215,11.949505207336236
106.99870917664373,1.0384399851479604,2.616852729468364,1275.6979200142393,2.944372045616023,2.711207951354431,11.077995899679317
213.03668465862907,1.0379556131292267,3.009181098427744,-2798.020067325042,-3.159389194105034,-3.522971205404193,14.455466832915931
7.192993210091354,0.746472755349779,0.5712628626663998,-12.003666975692783,-0.8185337427069778,-0.5684116431479561,2.023524473032803
39.29370965904113,-0.8333601610886019,1.881670500796492,-192.7953480573572,-1.3169831983382634,-1.4445567859945534,5.905800731634503
51.55313647642946,-0.434029616527652,1.8262258634916253,-301.20809183359853,-1.751974512580893,-1.675684359990321,6.626447287370712
119.20055003139176,0.6988265556638145,2.7746571512630003,1487.2650427264202,3.1932816531558794,2.853446384422117,11.75362080642223
3.043777898506,0.9295460199762977,0.7127767857474704,-0.944403446721965,0.2863154744720106,-0.28732126147004194,1.7229217818222202
23.491034090190418,0.4943261478401489,2.0100219882923036,152.43402191355918,1.6696684221816274,1.3344899656905844,5.673138319253381
0.01600894615763567,-0.9246399440481304,0.012552458825886743,0.9249757692025472,0.29953577122384306,0.23806464375869418,1.0137297024999257
665.4037928854908,-0.7336791886862604,3.074077552171471,-16200.784957051748,-6.482684286913895,-6.325826741737581,25.146449421774008
87.73785743094174,0.773388664243226,2.1158306820746073,967.0517224082463,2.296738391667323,2.472385575145516,9.71389511710387
-0.27037760343468575,-1.0281358224334531,-0.490193566526863,0.21928360365668567,0.12010453027633286,0.15923816717426237,0.59781903179912
3.249187391328298,-0.08679847832579582,0.7407740548596468,13.808432352974137,0.4641358130154788,0.6017607026150451,2.2694179208606142
11.835969550991907,1.1798612166078732,1.553974974092676,61.832619363602674,1.1677578744127737,0.9876207309535234,4.130620067273344
75.92474511623847,0.38103911036909943,2.0406645791260933,788.2643766922407,2.126878032838382,2.309568544761203,9.05558366712199
12.700549133898017,0.1021464641549562,0.5777080692368887,-32.6814664537153,-1.3731569955884813,-0.7945500292348051,2.599593150585544
99.40850644122582,0.9146698514493736,2.3022527940847777,1152.7222534917275,2.5736036099001613,2.621325148845944,10.437579056437993
34.600757350338775,-0.735324875255675,1.9051348637835546,262.10768376809966,1.6487718228513215,1.599826516145911,6.448251371289055
221.37650754268506,0.5139782885571553,2.8013739972136142,3641.557867639992,3.9142017265941242,3.8462104572414706,15.452833098318536
6.392304040453371,0.2967163403202841,0.7281050180958955,31.06789520737326,0.36767711787256924,0.7894586900551035,2.7360531880378796
229.23736919876356,0.6406602928900977,2.726425669172331,3832.7437161913786,3.8883865204068946,3.9124083406317274,15.625611542302076
56.61845983194878,0.7708985481305657,2.798830639209276,-339.8277548026061,-0.8908706116390755,-1.7460505060253337,7.839381918487593
11.300229050811618,0.6365133276147827,1.0109314830973184,61.34073646530907,0.6247109802151756,0.9878953221850512,3.588396946770329
271.2256733837394,0.6680195300577229,2.940216285584816,-4073.887303430817,-3.823426099601957,-3.9928442120189116,16.140794960492602
53.372052174383114,-0.2264793698819196,1.938201612325968,-317.40163026772746,-1.6872409497467131,-1.7053675447062466,6.83959677378452
30.894826154045024,-0.6691759837159554,1.6963079170415873,225.82745969093585,1.4122148735503648,1.5226603583956455,5.980195948737301
104.83549814502555,0.8404023718812138,2.358677168347341,1242.94693394683,2.671573145301892,2.687980509944281,10.735514675134736
37.63335249964223,-0.9060577298242604,1.9045494817300077,294.645102435791,1.6728502108641576,1.6635474011616385,6.663492414349073
-0.355682621781179,-1.0803910204950682,-0.7071208591385283,0.057675603782801704,0.029220923532321946,0.1373399254917864,0.4412407000076811
0.42330002694305624,-0.46782519105750076,0.4017371364182987,1.2131841409712145,0.7479810668397266,0.2204488902276208,1.409327737522589
10.306480670753823,0.7395403997946711,0.8471551381399833,-21.559225882885098,-0.8676746047980921,-0.6939257272599557,2.6019540315016867
11.676539642328759,0.9871503384171104,1.3626030334134838,61.86509794443063,0.9763716262992012,0.9888210561278523,3.942834794682758
-0.008911706298617428,-1.0987698481621946,-0.034309233785006985,1.2919616678141939,0.1247722034461714,0.28297339224054374,0.9736923801678026
45.15692696967693,-1.0192463611883502,1.538025754574136,-245.6588308924663,-1.8613225317046798,-1.5651025659597892,5.964190298094266
69.25062960313224,0.003077396986326114,1.9753022491740115,692.711786572043,2.0072463933891664,2.212247449684445,8.6439887424425
33.485391391011625,-1.3021899640800858,1.3589839397425076,-152.18714632517793,-1.6491871844464905,-1.3338255764276294,5.0199406976916565
12.950303756560812,0.9559962591448969,1.3540662549192966,-29.643139619337784,-0.5538035278361003,-0.7756409634580684,3.324401289454242
0.46438261243885604,-0.3285726772059807,-1.3823710160475364,0.21524517363161264,0.17314830509915358,-0.05018693155230584,0.42408296286068276
9.918709936437116,1.0249405211220834,1.3582053220150092,49.898068205441874,0.9752889382946993,0.9200417745589442,3.735414261971532
214.91094220485877,0.33453042242614,2.8133178214004753,3487.8024231723975,3.885605288440585,3.791287499088027,15.259467785704667
0.851566417069411,-0.6347174463754146,0.5258169823099867,3.4094651993366596,0.5013458434376341,0.3714309665188491,1.6156387429941814
0.003394129956292173,-0.701395318803127,-4.810095957836539,0.011384628457630414,0.013397820005652442,0.0020137141528784636,0.019438962464287834
4.0859006449637665,0.14150535697878766,0.8509569219591114,17.630399213820628,0.5443780350841313,0.65199108727992,2.500351296923891
-0.26560555746505043,-1.0483292071350363,-0.4201546689786114,0.27938531342370676,0.12046903108909665,0.17311418439669723,0.6398115842791884
203.1988519168355,-0.11575372854264093,2.090342350324244,-2618.461665613133,-3.978592920001441,-3.4455557089191124,13.249185624594121
5.081381440528306,0.011592134691203237,0.5490466799800321,24.360626962290116,0.20751410840178552,0.7298620385399067,2.397100224021506
20.217859775523934,-0.0444217988873354,1.4383717976784107,-64.8643458294448,-0.9573636492051485,-1.004726109377608,4.066266897682892
336.42891031132797,-0.5908367333633812,3.265127874005601,-5675.900622445757,-4.075810697588492,-4.459587857372947,18.22212858927624
151.85074003182046,-1.1464437578531412,2.280242540180765,2118.561336179217,2.9383590368387673,3.210990230311958,12.571329727774643
64.17100892859501,-0.4522507786363948,1.7840181117390914,624.3959893659821,1.7754238623612677,2.137193747091171,8.18700510363478
156.0874978348297,-1.51482538305495,1.9995932792049231,2209.726126167037,2.689174883498741,3.2565418002920605,12.458800284374922
157.5629602783611,-0.9774836196613227,2.5509363475234643,2229.135199333216,3.246922197011415,3.2657783312078625,13.044257190635003
23.765109468804763,-0.0345626999598318,1.569204695193592,158.45835442588302,1.233631864431095,1.3531758175732338,5.2931593171507965
198.69107518893094,0.21940426544904498,2.578612784589427,-2518.695024391806,-3.433326086627192,-3.4014443576173576,13.573895701459596
11.07824117631286,0.739081255972071,1.1014049460924589,59.2523662163917,0.7154017577988669,0.976061884615687,3.6435874116459277
0.49750286134404254,-0.8160725834713994,0.32816766431987066,2.4733387373458116,0.3671381381437714,0.33669904460821326,1.3772352719684111
142.07625198615523,-0.6051989616436723,2.5194019995259005,1920.535399465058,3.106803802506694,3.107521687591306,12.429368865280612
34.59300825652942,-0.44098932132393726,2.180317072037957,259.40614351040426,1.921678564611801,1.5937381454275898,6.702893000894571
40.56002633344974,-1.3925211159974158,1.296550280104905,-208.58355000891248,-1.9642776922164376,-1.4814871779696936,5.443158197632031
2.8349254786893505,0.17773707645017128,-0.05795631504260318,-2.861467348188495,-0.7023862789414901,-0.33922557694797384,0.9937416057983792
21.992757978602135,-0.34943408024091294,1.0939809711321067,146.3102225025987,0.7498241623918378,1.319047242004445,4.706965888405173
-0.06561343357363955,-0.8908321680269029,-0.1465969553816102,0.5734592311455172,0.30269982416103375,0.19359278901719737,0.8834781912126258
761.7677301502072,1.0115214832248716,3.3846756709003936,-19909.319600500705,-6.6907556215371375,-6.775782127971856,27.188155018322142
2.0677393789872167,0.17992070162166168,-0.03279586204868722,-1.2329136866927557,-0.34230589936522077,-0.26213008126227444,0.9683445069461514
2.6018098913983527,-0.13702508724384885,0.819542911755663,10.349065865224205,0.5859981349346017,0.5440673504099377,2.218200186164415
35.030576623611765,-0.6861236886477972,1.9992394254505985,-158.3432728797564,-1.043059442336103,-1.3533911217974097,5.723896166650945
37.139708315588365,-1.126300783808503,1.5928748100982368,-178.17926960606235,-1.5408948094402293,-1.4064245527505999,5.4912279543127696
185.97816784521885,-0.4285115892739938,2.343717834712871,-2276.801241231221,-3.5218607380934546,-3.288770442458509,12.921991474199089
55.49884978566751,-0.6424994699920444,2.0550818630488146,505.83676859993244,1.9716330222261107,1.9919692351269536,7.947540727606971
9.041218937661316,0.4171723273723118,0.7501014402706505,47.51255938762605,0.3682276809613445,0.9088960097839809,3.094915710313287
98.06034200351982,0.8483581086231549,2.2145295334802975,1131.7834932688206,2.4760610219715145,2.605419578417707,10.292319757224636
27.185897980966274,-0.7131730418909845,1.5664122257362467,-106.27491834916515,-1.173184322730906,-1.1842188383103405,4.747909868820797
233.52504931761348,0.5009469700910749,2.4927553145550614,3942.8751428628007,3.6824537391756644,3.949609498670323,15.531282235186634
8.90981773447821,1.1480952159278843,1.0748320105737694,-15.470823937810835,-0.4666068706778048,-0.6250569821281843,2.6586780399631165
0.13731190682844757,-0.6148501493927062,-0.10039102735451122,0.6144167621548824,0.5279345581133977,0.15586686204753727,0.9955351442560095
206.32803452983111,-0.5134466709097065,2.2202447848565523,3300.4972422803157,3.2419682036754542,3.722381406424156,14.409112422947922
253.89431563569133,0.6632461865437836,2.535750470531989,-3686.888441750226,-4.06380165560916,-3.862057652881531,15.246486608798495
137.92042201352785,-0.7858915978136405,2.1892021301883755,1846.1091238691804,2.7492250535766707,3.067025476139812,11.950301481996107
0.2088492821891091,-0.905399306677266,0.17262657684773808,1.5784408441386435,0.31549584397128566,0.28947406835333456,1.1839180490312893
20.18441238626178,-0.3608328153083273,1.1569030804162692,-66.52522615253181,-1.252838303141472,-1.011757804163869,3.8059507176778733
92.39500260349892,1.305199352853299,2.62373921587603,1033.3970283728697,2.8375773904067407,2.5272736477771076,10.419398333738064
77.08683411415203,1.6087065986911697,2.7924184890312964,-561.9168681594167,-1.3822617789006153,-2.0638248986950396,8.936862714574582
143.91645649071256,-0.6266908882597247,2.5622036780757353,1955.70875820358,3.1623986990108888,3.126358192386492,12.541473276170365
43.87146151955155,-0.9165279921752688,1.6939394260110425,-232.91665139451723,-1.6606869673328213,-1.537908594385506,6.028856004594709
16.37233851754687,0.5170718157486548,1.4254051791948947,-44.87979427367305,-0.7332098967824342,-0.8894606857996534,3.714093532215833
42.88732402253174,-1.0273214598442357,1.611919816893004,-225.23951266839222,-1.7141692303993992,-1.520654109008084,5.889101314641021
9.609458048783269,0.4663419607353489,0.5280965882507904,-20.461056615851025,-1.148825852699054,-0.6784995470754358,2.243671882678125
239.96490237550194,1.2724223406206787,2.982078986635438,-3367.982130295291,-3.47280541864599,-3.7475008629053477,15.264698895880748
21.383887066937454,-0.23141563251153482,1.4154179528613304,-71.59040848475189,-1.0462239276175969,-1.0380263497866358,4.143907821315582
24.301692186193904,-0.00863835372035942,1.650654203510415,162.6960051153774,1.318184040419462,1.3649200631731153,5.412944229938808
158.2337279137005,-0.7619240046268279,2.772809450502594,2238.5356629044372,3.471902240345156,3.2702551649097678,13.28266773507446
0.05150108021246147,-0.8233949497312448,-1.5031180183125872,-0.4133638442837863,-0.4602887163313051,-0.08123878875430185,-0.054094772559795834
43.446305278063754,-0.8930703407164868,1.7326546858487613,-228.87670563167308,-1.607351779156719,-1.5290593569360729,6.037945005523645
126.27548489677086,-0.744304090418605,2.152435348861036,-1245.3906795667078,-2.9128081498276135,-2.6895684021318726,10.53503386083175
318.99977828642164,-0.7050139034748102,2.9154280919995097,-5237.012736722462,-4.280542280370946,-4.34146431928758,17.426779316066952
192.05931331790745,-0.024571635459235377,2.551068976085644,-2389.5245883974158,-3.3841433578448563,-3.3422682727455517,13.327198005882902
44.305117321524584,-0.45072738762630893,2.5119946143951135,363.60181617920296,2.330606120220965,1.7834626513094336,7.680994074149266
577.8200026255101,-0.6783894992918508,3.173851062614934,-13048.854473782318,-5.870661306577812,-5.885693442159608,23.557805904220228
137.37551408837254,-0.5171646768840307,2.425477773995837,1831.3292194604096,2.979884715625526,3.058687061901031,12.15594590132862
91.83493363406961,1.2438694939399022,2.544612183684091,-747.8850658657026,-1.930894723129879,-2.2696062065433655,9.41713630958695
51.996670718209046,-0.07449689605872928,2.180860605230336,-301.69525987741014,-1.3998275299925342,-1.6772426242045804,6.986385591030367
71.559814173351,1.1544217143625266,2.4551842400074912,-502.36408058684447,-1.6060544470366949,-1.987877060431408,8.333330855120344
29.192399943321387,-0.5059415882470193,1.697036456415976,208.84384611663904,1.3998204654432822,1.4834463983779422,5.850159660577109
62.5400445109262,0.41591841828091125,2.0763036080112225,-408.35711094558525,-1.7826676822346919,-1.8548650077935762,7.49165735673319
115.99162329269424,-0.8233911275347336,1.6146546537528748,-1098.17272122891,-3.2976355661706735,-2.57870753919125,9.595902129785577
2.4424100814218828,0.2862841286924873,0.06832343272133427,-1.6747071161311524,-0.37769935228228524,-0.2917130588636863,1.0808659420361464
54.334713452172494,-0.4702101669607111,1.621355072239759,-330.135971044681,-2.0387979129215443,-1.7272994479355666,6.597699326756288
25.361272310288584,-0.5098145205693747,1.5921101099992379,-94.32000321038986,-1.062027879046442,-1.1383041025130773,4.629492633518945
12.944388535993893,1.1855715250394145,1.6134077699596867,69.35416163121245,1.2274494262982167,1.0261481301600663,4.305893816778416
-0.3007214132691107,-0.9754282556652031,-1.282872835927271,-0.061589021898590224,-0.01366186182231989,0.07579603468706111,0.21372624223886344
32.43073264538482,-1.4367331588203276,1.1940970315758672,-145.77126865238444,-1.7798358336825775,-1.314319478957629,4.791761561105567
15.40021832548932,0.7882281025050544,1.5297950219938719,-39.62497802969159,-0.5536710035913031,-0.8544587342887361,3.7186226678523773
4.147927175406422,0.5434345183399121,0.2834579070162804,-4.69221735156157,-0.6281341814737618,-0.4120086535240898,1.4319090861466872
173.27278185448966,-0.5331276263812357,2.636908407237014,-2033.3671731699828,-3.069530603981549,-3.1672735204755886,12.766836998396395
198.74243804100826,-0.05009632768551886,2.9506516660100597,3110.4240104163237,3.919067526954102,3.6492250528207877,14.866742685416465
42.90736508437075,-0.8526943996643055,1.791235725595443,-223.6998096594597,-1.5297695246725493,-1.517588395892867,6.058172454791786
82.14131149237156,0.3838396067032941,1.5372670727611601,-639.0757972934057,-2.768457942310941,-2.152705316191211,7.995068638645114
6.587961569803826,0.913416796690373,0.6941475431398385,-9.675749069392914,-0.5919231485138099,-0.5316139817542799,2.0661467602575896
-0.09204252996674393,-0.955686369258951,-0.1323773238639268,0.6339914682230189,0.2526773931650238,0.20981367523111644,0.8821184188583732
34.3704888715489,-0.7879972277075832,1.8836068589616235,-154.35739801785382,-1.1382407632919016,-1.3416517540137771,5.5700180067769836
-0.23073248174402727,-1.1728724008048643,-0.23390165047384665,0.6819034165864265,0.05147051148559961,0.23856874284237045,0.767176740012711
7.118183471529881,1.430922327417848,1.2122687836763932,-9.193159102638788,-0.07562249069738247,-0.5322461402500409,2.585608210552822
1.260934920403828,-0.3351176299160358,-0.5548030279791176,-1.1792338142051286,-0.6747465974252679,-0.2250558580251797,0.45053269270063057
242.3669041806623,1.2024427587554278,3.06880863495522,4147.798679689104,4.308751116222645,4.016696687758746,16.358841179498885
53.61558672672853,0.10411949667812531,2.2740377688751128,-316.1764460576433,-1.3488780158743543,-1.7037750291092,7.169997129671645
407.80452462172354,-0.3955883758871509,3.1205633007548643,8867.415548447745,5.265050189233787,5.17452970668541,20.78863930929002
25.177484838662995,0.17539249606092402,1.9091340231946348,168.64105106072682,1.580940072496117,1.3806674575631588,5.722942445185593
133.97238419224485,-0.7847565975991544,2.0277920312598607,1773.5238125851515,2.5605116368252103,3.02638172123053,11.639656800516802
95.27098913299157,1.4322978527575299,2.760547805289075,1077.7334692202842,2.995968232633333,2.56282492482,10.684443007093334
0.1106754518807885,-1.077052035181682,0.03350074354953442,1.694761236805407,0.13287085684719893,0.30799600386698606,1.056858868448157
205.60592039078043,-0.08790064128648852,2.684318859100311,3273.523400939797,3.698481517046519,3.712038097188634,14.834595808612422
313.58763724358437,-0.25490541726479854,2.801078222762504,6046.693395618681,4.453231220262619,4.554580869654716,18.116973829226765
199.32556965833132,-0.8233522236324027,2.13332659561744,3141.4837435633012,3.1107693974099884,3.661651414789408,14.095723641778212
0.4413914182052487,-0.43650217944914466,-1.1076656293038143,-0.0312908480234959,-0.07793595997409279,-0.08222856011853318,0.3332068406185731
2.5303192965953536,-0.04713476425044327,0.945110248116759,9.544505787630566,0.7267571386672445,0.5265697231724322,2.306466308184541
23.275769641707512,-0.6963241464590999,1.2152241615718704,-84.12705321458488,-1.3554788051515547,-1.0942967166118551,4.116004777907721
343.62514971394444,-0.3937980286213712,3.3761566606401465,6894.440688603649,5.188088722119263,4.758068159650495,19.462293201070747
-0.03206574770585932,-0.7722347080743133,-0.31338915654087807,0.4177473696785504,0.35753040436333966,0.1482310851310751,0.802223659756565
17.261073431378488,0.41583845197665836,1.2647855797965226,104.78360767046195,0.8929290542262992,1.179686898920501,4.431989750987802
240.96173907188026,1.2902864888579721,3.004656940886052,-3389.2294468069545,-3.460196503824045,-3.755371791019873,15.31666245127532
4.988988463506333,1.2715020988198276,1.0103769079779494,-4.238029461486381,0.07270525661836702,-0.4196681911786585,2.1710462125116594
17.900874374998722,0.5497048285725944,1.4502828257729294,108.66472067050812,1.080582260205259,1.193401059236113,4.6607854379135985
4.639554954900682,0.09356394835837262,0.7034500166236306,21.221156089185758,0.37573435590392606,0.6956041044038668,2.462546669115526
